Well #,Season,Name of Village,State as of 2016,lat,long,GPS
1,2005,Akok ,Tonj ,8.554444444444446,29.094166666666666,8.554444444444446 29.094166666666666
2,2005,Pankor,Tonj ,8.616111111111111,29.010555555555555,8.616111111111111 29.010555555555555
3,2005,Moch,Tonj ,8.698611111111111,28.97888888888889,8.698611111111111 28.97888888888889
5,2005,Akuach,Tonj ,8.653055555555557,30.58972222222222,8.653055555555557 30.58972222222222
6,2006,Aliek Primary School,Tonj ,8.593055555555555,28.719444444444445,8.593055555555555 28.719444444444445
7,2006,Makol,Tonj ,8.18888888888889,28.89638888888889,8.18888888888889 28.89638888888889
9,2007,Maluok,Tonj ,8.719166666666666,28.956944444444446,8.719166666666666 28.956944444444446
11,2007,Machar Pakuak,Tonj ,8.653333333333332,55.35,8.653333333333332 55.35
12,2007,Panakot ,Tonj ,8.674722222222224,28.911944444444448,8.674722222222224 28.911944444444448
13,2007,Boul,Tonj ,8.658888888888889,28.979444444444447,8.658888888888889 28.979444444444447
14,2007,Bonwad,Tonj ,8.663055555555555,29.043333333333333,8.663055555555555 29.043333333333333
15,2007,Maper ,Tonj ,8.610555555555557,28.969444444444445,8.610555555555557 28.969444444444445
16,2007,Majak,Tonj ,8.741944444444446,28.877222222222223,8.741944444444446 28.877222222222223
18,2008,Abilnyang,Tonj ,8.601666666666667,28.714166666666667,8.601666666666667 28.714166666666667
30,2009,Lacdiit,Gogrial,8.273611111111112,28.518611111111113,8.273611111111112 28.518611111111113
31,2009,Lacdiit Yiik,Gogrial,8.279166666666667,28.428055555555556,8.279166666666667 28.428055555555556
32,2009,Pan-nhial,Gogrial,8.186388888888889,28.46333333333333,8.186388888888889 28.46333333333333
33,2009,Abei,Gogrial,8.565833333333334,28.57027777777778,8.565833333333334 28.57027777777778
34,2009,Juol,Gogrial,8.474722222222223,28.470277777777778,8.474722222222223 28.470277777777778
35,2009,Machar,Gogrial,8.488888888888889,28.426388888888887,8.488888888888889 28.426388888888887
44,2009,Bahr-Sherki,Wau,7.701944444444445,28.197222222222223,7.701944444444445 28.197222222222223
45,2010,Riangalek-E,Gogrial,8.183055555555555,29.043333333333333,8.183055555555555 29.043333333333333
46,2010,Mayar Ajang,Tonj ,8.473333333333334,28.993055555555554,8.473333333333334 28.993055555555554
47,2010,Mayar Ajang,Tonj ,8.503611111111113,28.967499999999998,8.503611111111113 28.967499999999998
48,2010,Achier,Tonj ,8.455277777777779,28.848055555555558,8.455277777777779 28.848055555555558
50,2010,Wunliet,Tonj ,8.489166666666668,28.772777777777776,8.489166666666668 28.772777777777776
51,2010,Amouthich,Gogrial,8.345277777777778,28.471666666666664,8.345277777777778 28.471666666666664
52,2010,Zagalona (Alelchok),Wau,7.884166666666666,28.092222222222222,7.884166666666666 28.092222222222222
54,2010,Bahr-Sherki ( Eastern Bank),Wau,7.916944444444445,28.258888888888887,7.916944444444445 28.258888888888887
55,2010,Bahr-Sherki,Wau,7.927222222222222,28.05638888888889,7.927222222222222 28.05638888888889
56,2010,Athou,,7.867222222222222,28.09277777777778,7.867222222222222 28.09277777777778
57,2010,Lol Athian,Wau,745.0,28.178611111111113,745.0 28.178611111111113
58,2010,Maker,Gogrial,8.463888888888889,28.81388888888889,8.463888888888889 28.81388888888889
59,2010,Wunngot,Wau,8.24,28.262500000000003,8.24 28.262500000000003
60,2010,Tokyiep,Gogrial,8.454444444444444,28.710833333333333,8.454444444444444 28.710833333333333
61,2010,Wargol,Wau,8.115555555555556,190.25,8.115555555555556 190.25
62,2010,Tiitmayom,Gogrial,8.148333333333333,28.343055555555555,8.148333333333333 28.343055555555555
63,2010,Bar Amiyok,Wau,7.955277777777778,28.269166666666667,7.955277777777778 28.269166666666667
64,2010,Adiet,Wau,8.181944444444444,28.32777777777778,8.181944444444444 28.32777777777778
65,2010,Lojo,Wau,8.008888888888889,28.26777777777778,8.008888888888889 28.26777777777778
66,2010,Wuntim,Gogrial,8.133333333333333,28.37611111111111,8.133333333333333 28.37611111111111
67,2010,Angothol,Wau,7.837777777777778,28.178611111111113,7.837777777777778 28.178611111111113
68,2010,Lelkang,Wau,7.943888888888889,28.345,7.943888888888889 28.345
70,2010,Alab,Wau,7.791388888888889,28.166944444444447,7.791388888888889 28.166944444444447
71,2010, Zerah (Fadali School),Wau,7.933333333333334,28.224166666666665,7.933333333333334 28.224166666666665
72,2010,Abunybuny,Wau,7.768888888888889,28.2475,7.768888888888889 28.2475
74,2010,Eastern Bank Market,Wau,7.757777777777778,28.2025,7.757777777777778 28.2025
75,2010,Sumuot,Wau,7.927222222222222,28.151666666666667,7.927222222222222 28.151666666666667
77,2011,Thattiikmuoc,Tonj ,8.59861111111111,29.0875,8.59861111111111 29.0875
83,2011,Awuol,Tonj ,8.202777777777778,28.80611111111111,8.202777777777778 28.80611111111111
84,2011,Bhol,Wau,7.7636111111111115,28.234444444444446,7.7636111111111115 28.234444444444446
85,2011,Wingo,Wau,8.001944444444444,28.319166666666668,8.001944444444444 28.319166666666668
86,2011,Luonyakeer,Gogrial,8.458055555555555,28.532777777777778,8.458055555555555 28.532777777777778
90,2011,Mabior -Abun Pimary School,Wau,8.15,28.30361111111111,8.15 28.30361111111111
91,2011,Ayibuth,Tonj ,8.427777777777777,28.9675,8.427777777777777 28.9675
92,2011,Manyiel,Tonj ,8.279166666666667,28.87527777777778,8.279166666666667 28.87527777777778
93,2011,Tharakon,Tonj ,8.155555555555557,29.086388888888887,8.155555555555557 29.086388888888887
94,2011,Aguor,Tonj ,8.381944444444445,29.08666666666667,8.381944444444445 29.08666666666667
95,2011,Anaak,Tonj ,8.2625,29.016944444444444,8.2625 29.016944444444444
96,2011,Ayuang,Tonj ,8.328888888888889,29.43166666666667,8.328888888888889 29.43166666666667
97,2011,Angotbuol,Tonj ,8.280555555555555,29.28972222222222,8.280555555555555 29.28972222222222
98,2011,Gangmiir,Tonj ,8.37138888888889,29.26,8.37138888888889 29.26
99,2011,Gormok,Tonj ,8.253888888888888,29.36916666666667,8.253888888888888 29.36916666666667
100,2011,Wunkuel,Tonj ,8.453611111111112,29.49138888888889,8.453611111111112 29.49138888888889
101,2011,Acholok,Tonj ,8.528055555555556,29.269166666666667,8.528055555555556 29.269166666666667
102,2011,Ahoobu,Tonj ,8.470833333333333,29.215,8.470833333333333 29.215
103,2011,Aguoch,Tonj ,8.344722222222222,29.175833333333333,8.344722222222222 29.175833333333333
104,2011,Makuach,Tonj ,8.470277777777778,29.276944444444446,8.470277777777778 29.276944444444446
105,2012,Lualgol Primary School,Gogrial,8.324444444444445,28.498055555555556,8.324444444444445 28.498055555555556
106,2012,Wun Abyei,Gogrial,8.203333333333333,28.341944444444444,8.203333333333333 28.341944444444444
107,2012,Thiou Primary ,Gogrial,8.29361111111111,28.516111111111112,8.29361111111111 28.516111111111112
109,2012,Makuach Rual,Tonj ,8.697222222222223,28.816944444444445,8.697222222222223 28.816944444444445
110,2012,Mabior Duor,Tonj ,8.756666666666666,29.084444444444443,8.756666666666666 29.084444444444443
111,2012,Majok,Tonj ,8.646944444444443,28.98,8.646944444444443 28.98
112,2012,Nyibiir,Tonj ,8.646944444444443,28.931944444444444,8.646944444444443 28.931944444444444
113,2012,Achol Paleu,Tonj ,8.663333333333334,29.043333333333333,8.663333333333334 29.043333333333333
114,2012,Roorngek,Tonj ,8.583333333333334,29.149722222222223,8.583333333333334 29.149722222222223
115,2012,Ruel Marial,Tonj ,8.624444444444444,29.01972222222222,8.624444444444444 29.01972222222222
116,2012,Akok Mawien,Tonj ,8.558611111111112,29.09111111111111,8.558611111111112 29.09111111111111
117,2012,Amentnyang,Tonj ,8.606944444444444,28.98777777777778,8.606944444444444 28.98777777777778
118,2012,Ahoony,Tonj ,8.639444444444445,29.24222222222222,8.639444444444445 29.24222222222222
119,2012,Ariik Agek,Tonj ,8.613888888888889,29.111944444444443,8.613888888888889 29.111944444444443
120,2012,Majaklou,Tonj ,8.684722222222222,29.002222222222223,8.684722222222222 29.002222222222223
121,2012,Amoukou,Tonj ,8.671666666666667,28.858611111111113,8.671666666666667 28.858611111111113
122,2012,Lilmantang,Gogrial,8.535555555555556,28.592222222222222,8.535555555555556 28.592222222222222
123,2012,Chueipuol,Gogrial,8.739722222222222,28.491944444444442,8.739722222222222 28.491944444444442
124,2012,Bokagok,Gogrial,8.574444444444444,28.505,8.574444444444444 28.505
125,2012,Wunachier,Gogrial,8.723055555555556,28.5375,8.723055555555556 28.5375
126,2012,Machar,Gogrial,8.591944444444445,28.534444444444443,8.591944444444445 28.534444444444443
127,2012,Lietnhom Market,Gogrial,8.705555555555556,28.620555555555555,8.705555555555556 28.620555555555555
128,2012,Wunleet,Gogrial,8.754444444444445,28.515,8.754444444444445 28.515
129,2012,Mayomchol,Gogrial,8.608611111111111,28.55027777777778,8.608611111111111 28.55027777777778
130,2012,Ruot,Gogrial,8.503055555555555,28.585277777777776,8.503055555555555 28.585277777777776
131,2012,Lilthieu,Gogrial,8.449166666666667,28.006666666666668,8.449166666666667 28.006666666666668
132,2012,Parieng,Gogrial,8.410277777777779,28.771944444444443,8.410277777777779 28.771944444444443
133,2012,Chueiluel,Gogrial,8.399444444444445,28.801666666666666,8.399444444444445 28.801666666666666
134,2012,Roorchol,Gogrial,8.461944444444445,28.67222222222222,8.461944444444445 28.67222222222222
135,2012,Alongdior,Gogrial,8.381388888888889,28.33666666666667,8.381388888888889 28.33666666666667
136,2012,Haijur,Wau,7.786111111111111,28.130555555555556,7.786111111111111 28.130555555555556
137,2012,Haijur,Wau,7.850277777777778,28.0775,7.850277777777778 28.0775
144,2013,Majok Abuok,Gogrial,8.404166666666667,28.520277777777775,8.404166666666667 28.520277777777775
145,2013,Lueth Buol,Gogrial,8.373333333333333,28.57111111111111,8.373333333333333 28.57111111111111
146,2013,Mangar Ciec,Gogrial,8.231388888888889,28.552777777777777,8.231388888888889 28.552777777777777
147,2013,Atiokpiu,Gogrial,8.340277777777779,28.335,8.340277777777779 28.335
158,2013,Thurbol,Gogrial,8.0,16619.366666666665,8.0 16619.366666666665
160,2013,Gogial Market,Gogrial,8.540555555555555,28.27638888888889,8.540555555555555 28.27638888888889
161,2013,Hai Kubur,Wau,7.881944444444445,28.08416666666667,7.881944444444445 28.08416666666667
162,2013,Hella Jadiit,Wau,7.878055555555556,28.051111111111112,7.878055555555556 28.051111111111112
166,2013,Pan Koot,Gogrial,8.193888888888889,28.496388888888887,8.193888888888889 28.496388888888887
167,2013,Akuocic,Gogrial,8.216666666666667,28.639166666666668,8.216666666666667 28.639166666666668
173,2013,Rum Kueel,Wau,7.885833333333333,28.064722222222223,7.885833333333333 28.064722222222223
174,2013,Hai Kor,Wau,7.950555555555556,28.117500000000003,7.950555555555556 28.117500000000003
175,2013,Sumut,Wau,7.927222222222222,28.151666666666667,7.927222222222222 28.151666666666667
176,2013,Majama,Wau,7.8388888888888895,28.088333333333335,7.8388888888888895 28.088333333333335
177,2013,Majak Amaal,Wau,7.895833333333334,28.13361111111111,7.895833333333334 28.13361111111111
178,2013,Pankot (Komgol Primary School),Tonj ,8.145277777777778,28.561666666666667,8.145277777777778 28.561666666666667
179,2012,Akurbiok,Tonj ,8.219444444444445,28.585277777777776,8.219444444444445 28.585277777777776
180,2013,Majaktit,Tonj ,8.2775,28.49083333333333,8.2775 28.49083333333333
181,2013,Malekabiem,Tonj ,8.227222222222222,2835.1833333333334,8.227222222222222 2835.1833333333334
182,2013,Anguei,Gogrial,8.27361111111111,28.389444444444443,8.27361111111111 28.389444444444443
183,2013,Makerjok,Gogrial,8.29277777777778,28.585277777777776,8.29277777777778 28.585277777777776
184,2013,Malualamuk ,Gogrial,8.300833333333333,28.625833333333333,8.300833333333333 28.625833333333333
185,2014,Awudo,Gogrial,8.250555555555556,28.4575,8.250555555555556 28.4575
186,2014,Kokping,Gogrial,8.866666666666665,27.526944444444442,8.866666666666665 27.526944444444442
187,2014,Titchok,Tonj ,8.344999999999999,28.485,8.344999999999999 28.485
188,2014,Lounoi Primary School,Tonj ,8.344999999999999,28.485277777777778,8.344999999999999 28.485277777777778
189,2014,Kuelakuak Primary School,Tonj ,8.086666666666668,28.70916666666667,8.086666666666668 28.70916666666667
190,2014,Angon,Tonj ,8.181666666666667,28.795277777777777,8.181666666666667 28.795277777777777
191,2014,Ayakakat,Tonj ,8.226944444444445,28.673888888888886,8.226944444444445 28.673888888888886
192,2014,Dhak,Tonj ,8.16777777777778,28.701666666666668,8.16777777777778 28.701666666666668
193,2014,Warrap Town,Tonj ,8.203055555555556,28.68111111111111,8.203055555555556 28.68111111111111
194,2014,Wunchuei,Tonj ,8.331388888888888,28.66,8.331388888888888 28.66
195,2014,Kuelchok,Tonj ,8.245555555555557,28.827777777777776,8.245555555555557 28.827777777777776
196,2014,Gaiyar (Rumrual),Tonj ,7.911944444444445,28.631944444444446,7.911944444444445 28.631944444444446
197,2014,Mouralol/Warngap,Tonj ,7.782777777777778,28.79861111111111,7.782777777777778 28.79861111111111
198,2014,Pajiing,Tonj ,7.893888888888888,28.175555555555555,7.893888888888888 28.175555555555555
199,2014,Nguetawan,Tonj ,8.069444444444445,28.185277777777777,8.069444444444445 28.185277777777777
200,2014,Yelbok,Tonj ,8.002222222222223,28.11777777777778,8.002222222222223 28.11777777777778
201,2014,Athieng,Tonj ,7.9275,29.321944444444444,7.9275 29.321944444444444
202,2014,Tabarachuol ,Tonj ,7.918333333333333,28.343611111111112,7.918333333333333 28.343611111111112
203,2014,Agumot,Tonj ,8.002222222222223,29.334722222222222,8.002222222222223 29.334722222222222
204,2014,Panyanbech ,Tonj ,7.891388888888889,29.576944444444443,7.891388888888889 29.576944444444443
205,2014,Ajiecwel,Tonj ,8.088888888888889,29.523333333333333,8.088888888888889 29.523333333333333
206,2014,Patiaw,Tonj ,7.920555555555556,29.058333333333334,7.920555555555556 29.058333333333334
207,2014,Achuilkot ,Tonj ,8.364722222222223,29.06722222222222,8.364722222222223 29.06722222222222
208,2014,Yomkot,Tonj ,8.596666666666668,28.97861111111111,8.596666666666668 28.97861111111111
209,2014,Ngap  Deng Noon ,Tonj ,8.355277777777777,29.10861111111111,8.355277777777777 29.10861111111111
210,2014,Akolawet,Tonj ,8.305277777777777,28.839722222222225,8.305277777777777 28.839722222222225
211,2014,Angotgep,Tonj ,8.295277777777779,28.768888888888892,8.295277777777779 28.768888888888892
212,2014,Lacdiitwut ,Gogrial,8.391111111111112,28.47361111111111,8.391111111111112 28.47361111111111
213,2014,Manyang,Gogrial,8.137500000000001,28.40388888888889,8.137500000000001 28.40388888888889
214,2014,Wuntim,Gogrial,8.31388888888889,28.264722222222222,8.31388888888889 28.264722222222222
215,2014,Wunngot,Gogrial,8.1575,28.255833333333335,8.1575 28.255833333333335
216,2014,Samut,Wau,7.9375,28.18777777777778,7.9375 28.18777777777778
217,2014,Alalnhom,Wau,7.91,28.09416666666667,7.91 28.09416666666667
218,2015,Kuanya,Wau,7.812222222222222,28.13138888888889,7.812222222222222 28.13138888888889
223,2015,Mawut,Gogrial,8.458333333333334,28.521944444444443,8.458333333333334 28.521944444444443
224,2015,Chueiakol,Gogrial,8.382777777777777,28.406111111111112,8.382777777777777 28.406111111111112
227,2015,Aker Adoor,Gogrial,8.396111111111113,28.692500000000003,8.396111111111113 28.692500000000003
228,2015,Aker Abuok,Gogrial,8.52,27.445833333333333,8.52 27.445833333333333
242,2015,Watagok,Gogrial,8.35361111111111,28.446944444444444,8.35361111111111 28.446944444444444
256,2015,Mayen-Amith,Wau,7.899444444444445,28.22222222222222,7.899444444444445 28.22222222222222
257,2015,Achuirdit,Wau,7.899444444444445,28.22138888888889,7.899444444444445 28.22138888888889
262,2016,Wun-nyok,Twic,9.431944444444444,28.566111111111113,9.431944444444444 28.566111111111113
263,2016,Mager,Gogrial,9.005833333333333,28.295277777777777,9.005833333333333 28.295277777777777
264,2016,Atuet,Gogrial,9.075000000000001,28.289722222222224,9.075000000000001 28.289722222222224
265,2016,Panliet Market,Gogrial,9.039444444444445,28.416944444444443,9.039444444444445 28.416944444444443
267,2016,Atokngar,Gogrial,8.783333333333333,28.218611111111112,8.783333333333333 28.218611111111112
268,2016,Lilthok,Gogrial,8.858333333333333,28.34722222222222,8.858333333333333 28.34722222222222
270,2016,Wunkech,Gogrial,8.704166666666666,28.26138888888889,8.704166666666666 28.26138888888889
271,2016,Warngap,Gogrial,8.718333333333334,28.2575,8.718333333333334 28.2575
273,2016,Mabior Dong,Gogrial,8.189722222222223,28.191666666666666,8.189722222222223 28.191666666666666
274,2016,Kuenycariik,Gogrial,8.081944444444446,28.235555555555557,8.081944444444446 28.235555555555557
275,2016,Hel-Jadid,Wau,7.755,28.256666666666664,7.755 28.256666666666664
276,2016,Mawach,Wau,8.00361111111111,28.273333333333333,8.00361111111111 28.273333333333333
277,2016,Eastern Bank Football Field,Wau,7.8997222222222225,28.215833333333332,7.8997222222222225 28.215833333333332
278,2016,Malualkuel,Wau,7.844166666666666,28.103055555555557,7.844166666666666 28.103055555555557
279,2016,Wau South Epsicopal Church,Wau,7.768888888888889,28.076666666666668,7.768888888888889 28.076666666666668
283,2017,Chuei Ajang,Wau,8.027777777777779,28.22888888888889,8.027777777777779 28.22888888888889
284,2017,Tit- Marol,Wau,8.0,28.002777777777776,8.0 28.002777777777776
285,2017,Lith Angui ,Wau,8.13388888888889,28.113055555555555,8.13388888888889 28.113055555555555
286,2017,Liethok ,Wau ,8.102222222222222,28.328055555555554,8.102222222222222 28.328055555555554
287,2017,Manyang-Nyorich ,Wau,8.033333333333333,28.2,8.033333333333333 28.2
288,2017,Akoc-Chok,Wau,8.261666666666667,28.37638888888889,8.261666666666667 28.37638888888889
289,2017,Pathich ,Wau,0.11666666666666667,28.269166666666667,0.11666666666666667 28.269166666666667
290,2017,Mangar Adet,Wau,8.356666666666666,28.15,8.356666666666666 28.15
291,2017,Athiaan Akuei,Wau,8.28638888888889,28.383611111111108,8.28638888888889 28.383611111111108
292,2017,Angobich,Wau,8.083333333333334,28.369444444444447,8.083333333333334 28.369444444444447
293,2017,Ror-Atiny,Gogrial,8.825555555555555,28.499166666666667,8.825555555555555 28.499166666666667
294,2017,Warkot ,Gogrial,8.278611111111111,nan,8.278611111111111 nan
295,2017,Marol Ajing,Gogrial,8.369166666666667,28.143888888888892,8.369166666666667 28.143888888888892
296,2017,Rai,Gogrial,8.443055555555556,28.25777777777778,8.443055555555556 28.25777777777778
297,2017,Dutcuar,Gogrial,8.454444444444444,28.130833333333335,8.454444444444444 28.130833333333335
298,2017,Adhothok,Gogrial,8.302222222222223,28.23916666666667,8.302222222222223 28.23916666666667
299,2017,Dutcuar Primary School,Gogrial,8.374444444444444,28.16277777777778,8.374444444444444 28.16277777777778
300,2017,War Ding,Gogrial,8.299722222222222,28.090277777777775,8.299722222222222 28.090277777777775
301,2017,Thiou,Gogrial,8.331944444444446,28.157500000000002,8.331944444444446 28.157500000000002
302,2017,Manyang Payam,Gogrial,8.293055555555556,28.324166666666667,8.293055555555556 28.324166666666667
303,2017,Wuntim,Gogrial,8.169722222222221,28.35138888888889,8.169722222222221 28.35138888888889
304,2017,Lorutiu,Gogrial,8.149166666666666,28.433055555555555,8.149166666666666 28.433055555555555
305,2017,Zagolona Primary School,Wau,0.7527777777777778,28.029722222222222,0.7527777777777778 28.029722222222222
306,2018,Luethwek,Aweil East,9.185277777777777,27.772777777777776,9.185277777777777 27.772777777777776
307,2018,Rolthok,Aweil East,9.08,27.676388888888887,9.08 27.676388888888887
308,2018,Pajok,Aweil East,56.0,27.538611111111113,56.0 27.538611111111113
309,2018,Wathaleu,Aweil East,9.136111111111111,27.593611111111112,9.136111111111111 27.593611111111112
310,2018,Riang-Mal,Aweil East,9.032222222222222,27.595833333333335,9.032222222222222 27.595833333333335
311,2018,Warakoon,Aweil East,9.127222222222223,27.455000000000002,9.127222222222223 27.455000000000002
312,2018,Anguek,Aweil East,8.912222222222223,27.45861111111111,8.912222222222223 27.45861111111111
313,2018,Lueth-Agok,Aweil East,9.005833333333333,27.68111111111111,9.005833333333333 27.68111111111111
314,2018,Kouyic,Aweil East,8.911944444444444,27.58361111111111,8.911944444444444 27.58361111111111
315,2018,Aruelpiu ,Aweil East,9.024444444444445,27.62777777777778,9.024444444444445 27.62777777777778
316,2018,Matiat Cuei,Aweil East,8.905555555555555,27.60333333333333,8.905555555555555 27.60333333333333
317,2018,War-Nyiel ,Aweil East,8.889999999999999,27.5,8.889999999999999 27.5
318,2018,Gukathie,Aweil East,9.096388888888889,27.70361111111111,9.096388888888889 27.70361111111111
319,2018,Kar-Makuach ,Aweil East,8.896944444444445,27.48361111111111,8.896944444444445 27.48361111111111
320,2018,Majook Achien ,Aweil East,8.955277777777779,27.689444444444444,8.955277777777779 27.689444444444444
321,2018,Wut-Nyap,Aweil East,9.04138888888889,27.571666666666665,9.04138888888889 27.571666666666665
322,2018,Abany,Aweil East,9.047777777777778,27.43888888888889,9.047777777777778 27.43888888888889
323,2018,Mabil,Aweil East,8.898888888888889,27.721666666666668,8.898888888888889 27.721666666666668
324,2018,Jok-Thok,Aweil East,9.034722222222223,27.520833333333336,9.034722222222223 27.520833333333336
325,2018,Arieny-Piny A,Aweil East,8.901111111111112,27.520833333333336,8.901111111111112 27.520833333333336
326,2018,Parot-Aker,Aweil East,9.089444444444444,27.7625,9.089444444444444 27.7625
327,2018,Newsite,Aweil  ,8.856388888888889,27.651944444444442,8.856388888888889 27.651944444444442
328,2018,Lil-Miir,Aweil,44.0,27.516666666666666,44.0 27.516666666666666
329,2018,Lol - Kou ,Aweil,8.868333333333332,27.68277777777778,8.868333333333332 27.68277777777778
330,2018,Pan-Malou ,Aweil,8.806666666666667,27.52305555555556,8.806666666666667 27.52305555555556
331,2018,Majok Kuel,Aweil ,8.889444444444445,27.532777777777778,8.889444444444445 27.532777777777778
332,2018,Riangangor,Aweil,43.0,27.630833333333335,43.0 27.630833333333335
333,2018,Wakthou,Aweil,8.860555555555555,27.805833333333332,8.860555555555555 27.805833333333332
334,2018,Ayok Dhok Primary School,Wau,23.0,27.998611111111114,23.0 27.998611111111114
335,2018,Riang Kuol Bol,Wau,8.401388888888889,27.8775,8.401388888888889 27.8775
336,2018,Ajiekdit Primary School,Wau,8.339722222222223,27.987222222222222,8.339722222222223 27.987222222222222
337,2018,Amulmul Primary School,Wau,8.433055555555555,27.924166666666668,8.433055555555555 27.924166666666668
338,2018,Waradhoth ,Wau,8.309166666666666,27.75472222222222,8.309166666666666 27.75472222222222
339,2018,Barkiny,Wau,8.189444444444444,27.839444444444446,8.189444444444444 27.839444444444446
340,2018,Laach,Wau,8.0,27.77027777777778,8.0 27.77027777777778
341,2018,Cumbar,Wau,7.8,28.075833333333332,7.8 28.075833333333332
342,2018,Hai Kamsin,Wau,7.7619444444444445,28.070555555555558,7.7619444444444445 28.070555555555558
343,2018,Jebel-Chok,Wau,7.75,28.100555555555555,7.75 28.100555555555555
344,2018,Eastern Bank,Wau,8.116666666666667,28.126388888888886,8.116666666666667 28.126388888888886
345,2018,Hai Jadit,Wau,7.733333333333333,28.032777777777778,7.733333333333333 28.032777777777778
346,2018,Hai Jadit,Wau,7.750277777777778,28.226111111111113,7.750277777777778 28.226111111111113
347,2018,Hai Jadit,Wau,7.830555555555556,28.225833333333334,7.830555555555556 28.225833333333334
348,2018,Hai Jadit,Wau,7.718888888888889,28.22638888888889,7.718888888888889 28.22638888888889
349,2018,Hai Jadit,Wau,7.896388888888889,28.003055555555555,7.896388888888889 28.003055555555555
340,2018,Kong Long,Wau,7.833888888888889,28.130000000000003,7.833888888888889 28.130000000000003
341,2019,Belbuoc,Tonj,19.0,28.5025,19.0 28.5025
342,2019,Makuac-rual,Tonj,8.515555555555556,28.903055555555554,8.515555555555556 28.903055555555554
343,2019,Thor-Amiyok,Tonj,8.53,28.709166666666665,8.53 28.709166666666665
344,2019,Adiaujook,Tonj,8.653888888888888,28.993055555555554,8.653888888888888 28.993055555555554
345,2019,Thou-yiik,Tonj,8.695555555555556,28.94027777777778,8.695555555555556 28.94027777777778
346,2019,Paweny,Tonj,8.639722222222222,28.890833333333333,8.639722222222222 28.890833333333333
347,2019,Lath-jak,Tonj,8.673055555555555,28.94,8.673055555555555 28.94
348,2019,Mayen-Awakou,Tonj,8.534166666666666,29.121111111111112,8.534166666666666 29.121111111111112
349,2019,Mangot ,Tonj,8.661666666666667,29.139999999999997,8.661666666666667 29.139999999999997
350,2019,Alatip,Tonj,8.51611111111111,29.171944444444446,8.51611111111111 29.171944444444446
351,2019,Marial-Adot Pri. School,Tonj,8.492777777777778,28.979444444444443,8.492777777777778 28.979444444444443
352,2019,Marial Akech Primary Sch,Tonj,8.494722222222222,28.982777777777777,8.494722222222222 28.982777777777777
353,2019,Wunkuel,Tonj,8.654444444444444,29.112222222222222,8.654444444444444 29.112222222222222
354,2019,Lang Kap,Tonj,8.798611111111112,29.135277777777777,8.798611111111112 29.135277777777777
355,2019,Riangper,Tonj,8.779166666666667,29.1225,8.779166666666667 29.1225
356,2019,Panhom-Lang,Tonj,8.694444444444445,28.942222222222224,8.694444444444445 28.942222222222224
357,2019,Dargon,Tonj,8.3575,29.079722222222223,8.3575 29.079722222222223
358,2019,Mamal,Tonj,8.264166666666666,28.267500000000002,8.264166666666666 28.267500000000002
359,2019,Majur ,Tonj,8.259722222222221,28.204444444444444,8.259722222222221 28.204444444444444
360,2019,Aker-aher,Tonj,8.46388888888889,29.124722222222225,8.46388888888889 29.124722222222225
361,2019,Achol,Tonj,8.110833333333334,29.024166666666666,8.110833333333334 29.024166666666666
362,2019,Akotdit,Tonj,7.279999999999999,28.669999999999998,7.279999999999999 28.669999999999998
363,2019,War-thou,Tonj,8.016666666666667,29.040833333333335,8.016666666666667 29.040833333333335
364,2019,Malou,Tonj,8.134166666666667,28.07472222222222,8.134166666666667 28.07472222222222
365,2019,Achir,Tonj,9.083888888888888,28.171388888888888,9.083888888888888 28.171388888888888
366,2019,Wun-Adhot,Tonj,8.153333333333332,28.921666666666667,8.153333333333332 28.921666666666667
367,2019,Ga-Gir,Tonj,8.079444444444444,28.966666666666665,8.079444444444444 28.966666666666665
368,2019,Wunkuel,Tonj,8.114722222222222,28.935833333333335,8.114722222222222 28.935833333333335
369,2019,Mayen-Dong ,Tonj,8.136944444444444,29.101388888888888,8.136944444444444 29.101388888888888
370,2019,Aduktik Primary School,Gogrial,8.414166666666667,28.44333333333333,8.414166666666667 28.44333333333333
371,2019,Maluil,Gogrial,8.280555555555555,28.503055555555555,8.280555555555555 28.503055555555555
372,2019,Wunkuel,Tonj,7.8925,28.649722222222223,7.8925 28.649722222222223
373,2019,Aguath,Tonj,8.150277777777777,28.420555555555556,8.150277777777777 28.420555555555556
374,2019,Pool Chang,Tonj,8.289722222222222,28.43583333333333,8.289722222222222 28.43583333333333
375,2019,Wun-Agep,Tonj,7.820555555555555,28.33888888888889,7.820555555555555 28.33888888888889
376,2019,Mangar-Kiech,Gogrial,8.15638888888889,28.484166666666667,8.15638888888889 28.484166666666667
377,2019,Achuk Primary School,Gogrial,8.180277777777778,28.358055555555556,8.180277777777778 28.358055555555556
378,2019,Rumkuel,Gogrial,8.391666666666667,28.35638888888889,8.391666666666667 28.35638888888889
379,2019,Waryar,Gogrial,8.386944444444445,28.44666666666667,8.386944444444445 28.44666666666667
380,2019,Riak-bet,Gogrial,8.212777777777777,28.22361111111111,8.212777777777777 28.22361111111111
381,2019,Block-E,Wau,7.819444444444445,28.048055555555557,7.819444444444445 28.048055555555557
382,2019,Sunday Primary School ,Wau,7.8597222222222225,28.076944444444443,7.8597222222222225 28.076944444444443
383,2019,Rumbek Jadit,Wau,7.823611111111111,28.177222222222223,7.823611111111111 28.177222222222223
384,2019,Majak ,Wau,7.670555555555556,28.073055555555555,7.670555555555556 28.073055555555555
385,2019,Hai Jebel-kher and Bright Future S.S,Wau,7.747777777777778,27.985,7.747777777777778 27.985
386,2019,Nazareth ,Wau,7.834444444444444,28.129444444444445,7.834444444444444 28.129444444444445
387,2019,Bilpam ,Wau ,7.895277777777778,28.101388888888888,7.895277777777778 28.101388888888888
388,2019,"Wau "" A"" Girls Primary School",Wau,7.710277777777778,28.015,7.710277777777778 28.015
389,2019,Nazareth ,Wau,7.926944444444445,28.09722222222222,7.926944444444445 28.09722222222222
400,2019,Hai Jebel ,Wau,7.859166666666667,28.15638888888889,7.859166666666667 28.15638888888889
17,2007,Achierchok,Tonj ,8.614285,28.745443,8.614285 28.745443
19,2008,Kuacjok,Gogrial,8.306762,27.912833,8.306762 27.912833
20,2008,Kuajok,Gogrial,8.308124,27.975940,8.308124 27.975940
21,2008,Kuajok,Gogrial,8.305501,27.974567,8.305501 27.974567
22,2008, Kuacjok Town,Gogrial,8.310846,27.979081,8.310846 27.979081
23,2008,Kuajok,Gogrial,8.313380,27.986028,8.313380 27.986028
24,2008,Kuajok,Gogrial,8.303265,27.986303,8.303265 27.986303
25,2008,Kuajok,Gogrial,8.312885,27.988962,8.312885 27.988962
26,2008,Kuajok,Gogrial,8.310069,27.967935,8.310069 27.967935
29,2008,Malual monyjoc Primary School,Gogrial,8.356901,27.924302,8.356901 27.924302
36,2009,Lang village,Gogrial,8.883643,28.021825,8.883643 28.021825
37,2009,Lang Primary School,Gogrial,8.878717,28.026371,8.878717 28.026371
38,2009,Maduol ,Gogrial,8.946779,27.863015,8.946779 27.863015
39,2009,Awich,Gogrial,8.938448,27.835136,8.938448 27.835136
40,2009,Abooth,Gogrial,8.950228,28.847855,8.950228 28.847855
42,2009,WFS Old compound in Wau,Wau,7.710770,28.032771,7.710770 28.032771
89,2011,Amoukou,Tonj ,8.561110,28.722675,8.561110 28.722675
148,2013,Buat Angui,Twic,9.161565,28.397066,9.161565 28.397066
149,2013,Wuriang,Twic,9.149380,28.395024,9.149380 28.395024
150,2013,Amieat,Twic,9.159964,28.403964,9.159964. 28.403964
151,2013,Mabil,Twic,9.164053,28.374056,9.164053 28.374056
152,2013,Kueech Pareng,Twic,8.919170,27.426940,8.919170 27.426940
153,2013,Kueech,Gogrial,8.846701,28.247108,8.846701 28.247108
154,2013,Marol Athokpur,Gogrial,8.864719,28.070154,8.864719 28.070154
155,2013,Machar Kuel,Gogrial,8.864317,28.084884,8.864317 28.084884
156,2013,Akon,Gogrial,8.893365,27.950044,8.893365 27.950044
157,2013,Nyok Thiang,Gogrial,8.666810,27.995542,8.666810 27.995542
159,2013,Ngapadhiang,Gogrial,8.564075,28.036691,8.564075 28.036691
260,2016,Majook Ken,Twic,9.066191,28.313298,9.066191 28.313298
261,2016,Bookanyara,Twic,9.088089,28.306149,9:088089 28.306149
266,2016,Malek Akol,Gogrial,8.809108,28.240486,8.809108 28.240486
269,2016,Gaikou,Gogrial,8.597584,28.148838,8.597584 28.148838
272,2016,Mouraruor Primary School,Gogrial,08.224033,27.965679,08.224033 27.965679
280,2016,Aru Junction,Central Equatoria,042148.84N0315853.60E,None,042148.84N0315853.60E None
281,2016,Ofiri (Langabu),Central Equatoria,043352.79N0320258.70E,None,043352.79N0320258.70E None
282,2016,Lirya Center,Central Equatoria,043928.96N0320451.21E,None,043928.96N0320451.21E None
401,2019,Warhuk,Wau,7.821955.,27.933984,7.821955. 27.933984
402,2019,Ger-Ajiep,Wau,7.925305.,27.983570,7.925305. 27.983570
403,2019,Beling Achol,Wau,7.918773.,27.983958,7.918773. 27.983958
404,2019,Riangnhom ,Gogrial ,8.120638.,27.946019,8.120638. 27.946019
405,2020,Adhothic ,Gogrial ,8.272458.,28.063678,8.272458. 28.063678
406,2020,Khiiric Primary School,Gogrial ,8.193789.,28.147642,8.193789. 28.147642
407,2020,Majok Ken ,Twic,9.060578.,28.320100,9.060578. 28.320100
408,2020,Gumgoi,Twic,9.117473.,28.357209,9.117473. 28.357209
409,2020,Malek Ngok Primary School,Gogrial ,8.736813.,28.145308,8.736813. 28.145308
410,2020,Maluil Aluel - Primary School,Gogrial ,8.598692.,28.331118,8.598692. 28.331118
411,2020,Buon-Nyoor,Gogrial ,8.633077.,28.314612,8.633077. 28.314612
412,2020,Wuntit,Gogrial ,8.686607.,28.291045,8.686607. 28.291045
413,2020,Nyiorthok Marul,Gogrial ,8.284778.,28.124869,8.284778. 28.124869
414,2020,Achool/Abuokdiit,Gogrial ,8.716270.,28.368261,8.716270. 28.368261
415,2020,Panyuom,Gogrial ,8.707364.,28.363945,8.707364. 28.363945
416,2020,Marial Akuien Primary School,Gogrial ,8.675292.,28.397801,8.675292. 28.397801
417,2020,Rum-muoth ,Gogrial ,8.6246697.,28.37619618,8.6246697. 28.37619618
418,2020,Panthony,Gogrial ,8.6201619:,28.36936978,8.6201619: 28.36936978
419,2020,Panchier Primary School,Gogrial,8.61242638:,28.35522328,8.61242638: 28.35522328
420,2020,Patai,Gogrial ,8.60221412:,28.36086966,8.60221412: 28.36086966
421,2020,Machar Akol,Gogrial ,8.777512:,28.460207,8.777512: 28.460207
422,2020,Chuei Akuong/Pan Jak,Gogrial,8.707326:,28.452977,8.707326: 28.452977
423,2020,Mayom Dunguer/Roordit ,Gogrial,8.696559:,28.409151,8.696559: 28.409151
424,2020,Thuor Geng Anei,Gogrial,8.738526:,28.497476,8.738526: 28.497476
425,2020,Galual Primary School,Gogrial,8.727310:,28:512490,8.727310: 28:512490
426,2020,Agumuot ,Gogrial,8.840372,28.545150,8.840372 28.545150
427,2020,Thur-Agaar,Gogrial,8.740261,28:487870,8.740261 28:487870
428,2020,Tiit-thok,Gogrial ,8.850743,28.560865,8.850743 28.560865
429,2020,Riang Mabior ,Gogrial ,8.833539,28.561873,8.833539 28.561873
430,2020,Gong Peer Primary School,Gogrial ,8.828808,28.575213,8.828808 28.575213
431,2020,Water for South Sudan-Compound ,Wau,7.721550,28.039115,7.721550 28.039115
432,2020,Awutuop,Gogrial,8.807506,28.509123,8.807506 28.509123
433,2020,Thur-juoth,Gogrial ,8.808575,28.559001,8.808575 28.559001
434,2020,Chuei-Makiech,Gogrial ,8.801226,28.528591,8.801226 28.528591
435,2020,Rumliet Primary School,Gogrial ,8.790194,28.510969,8.790194 28.510969
436,2020,Majok Donguar Primary School,Gogrial,8.816380,28.510852,8.816380 28.510852
437,2020,Giny-jur,Gogrial ,8.7267353,28.5224032,8.7267353 28.5224032
438,2020,Majak-Nyuom Primary School,Gogrial ,8.730420,28.531277,8.730420 28.531277
439,2020,Marial -Nyap,Gogrial ,8.737577,28.535263,8.737577 28.535263
440,2020,Adhuothic ,Gogrial ,8.71298694,28.57218962,8.71298694 28.57218962
441,2020,Marial Pajieng,Gogrial ,8.745362,28.541494,8.745362 28.541494
442,2020,Aringhok Primary School,Gogrial ,8.75550141,28.56311892,8.75550141 28.56311892
443,2020,Rum Pagong,Gogrial ,8.74867388,28.55802429,8.74867388 28.55802429
444,2020,Rum-panagok,Gogrial ,8.753115,28.553037,8.753115 28.553037
445,2020,Atunga,Gogrial ,8.76590122,28.57867312,8.76590122 28.57867312
446,2020,Mayen Atunga,Gogrial ,8.770592,28.587666,8.770592 28.587666
447,2020,Alol,Gogrial ,8.797524,28.618598,8.797524 28.618598
448,2020,Thurdong ,Gogrial ,8.78329879,28.61443451,8.78329879 28.61443451
449,2020,Adel ,Gogrial,8.80055701,28.63297898,8.80055701 28.63297898
450,2020,Gong Nyuon ,Gogrial ,8.796721,28.488366,8.796721 28.488366
451,2020,Marial Thou,Gogrial,8.656609,28.399453,8.656609 28.399453
452,2020,Panthou,Gogrial ,8.662730,28.404369,8.662730 28.404369
453,2020,Abou Primary Health Care Unit,Wau,7.995652,27.800206,7.995652 27.800206
454,2020,Atido Primary Health Care Unit ,Wau,7.851996,27.899044,7.851996 27.899044
455,2020,Achuong-chuong Primary Health Care Center ,Wau,7.921080,27.161494,7.921080 27.161494
456,2020,Nyikejo Primary Health Care Unit,Wau,7.628385,27.105634,7.628385 27.105634
457,2020,Khor Ghana Jadeep Primary School,Wau,7.707176,27.964336,7.707176 27.964336
458,2021,Rumameth,Gogrial West,8.838225,28.177204,8.838225 28.177204
459,2021,Pajok Beck,Gogrial West,8.569005,28.22.5996,8.569005 28.22.5996
460,2021,Aciec-kou,Gogrial West,8.560127,28.261268,8.560127 28.261268
461,2021,Majook Akotkuac,Gogrial West,8.86.2110,28.406333,8.86.2110 28.406333
462,2021,Ajogo,Gogrial East,8.711351,28.423657,8.711351 28.423657
463,2021,Mangol,Gogrial East,8.82.4507,28.54.1891,8.82.4507 28.54.1891
464,2021,Majook Ngok,Gogrial West,8.719759,28.14.2284,8.719759 28.14.2284
465,2021,Warngap,Gogrial West,8.56.2857,28.12.4096,8.56.2857 28.12.4096
466,2021,Pinydit,Gogrial East,8.415950,28.344742,8.415950 28.344742
467,2021,Chur Primary School,Gogrial East,8.413829,28.372617,8.413829 28.372617
468,2021,Mawithou,Gogrial East,8.386127,28314796,8.386127 28314796
469,2021,Maker Akech,Gogrial East,8.3332.54,28.293498,8.3332.54 28.293498
470,2021,Luonyaker Church,Gogrial East,8.228545,28.391395,8.228545 28.391395
471,2021,Lilmajak,Gogrial East,8.377839,28.356783,8.377839 28.356783
472,2021,Tarweng,Gogrial East,8.351007,28.354034,8.351007 28.354034
473,2021,Pathoui,Gogrial East,8.270824,28.360273,8.270824 28.360273
474,2021,Toluel,Gogrial East,8.284275,28.385893,8.284275 28.385893
475,2021,Nyorthook,Gogrial East,8.323743,28.394530,8.323743 28.394530
476,2021,Ahuoch bar,Gogrial East,8.213264,28.395608,8.213264 28.395608
477,2021,Ajak-Angon,Gogrial East,8.167968,28.332009,8.167968 28.332009
478,2021,Patiek-Dier,Gogrial East,8.190157,28.443294,8.190157 28.443294
479,2021,Nyiop-chop Primary,Gogrial East,8.224778,28.428749,8.224778 28.428749
480,2021,Mabil,Gograil East,8.221405,28.309422,8.221405 28.309422
481,2021,Halcok,Gogrial East,8.126829,28.289277,8.126829 28.289277
482,2021,Athiang,Gogrial East,8.211501,28.458143,8.211501 28.458143
483,2021,Mabior Abiem,Jur River,8.003663,28.033162,8.003663 28.033162
484,2021,Marial Baai,Jur River,7.295341,28.160932,7.295341 28.160932
485,2021,Kuarjiena,Jur River,7.498188,28.268203,7.498188 28.268203
486,2021,Warayat,Jur River,7.574801E28.022861,None,7.574801E28.022861 None
487,2021,Ayen,Gogrial East,8.346537,28.294093,8.346537 28.294093
488,2021,Lietdit-Nhom,Gogrial East,8.332919,28.254868,8.332919 28.254868
489,2021,Awut-wut,Gogrial East,8.340844,28.308234,8.340844 28.308234
490,2021,Wut-Dong,Gogrial East,8.424728,28.469889,8.424728 28.469889
491,2021,Geng-agok,Gogrial East,8.401320,28.377623,8.401320 28.377623
492,2021,Adol thiong,Gogrial East,8.414403,28.395764,8.414403 28.395764
493,2021,Keric Machar Awuong,Gogrial East,8.336227,28.402745,8.336227 28.402745
494,2021,Jaac Kuac,Gogrial East,8.412090,28.403135,8.412090 28.403135
495,2021,Mac-Ather,Gogrial East,8.383828,28.434901,8.383828 28.434901
496,2021,Mawut-Ador,Gogrial East,8.210223,28.493550,8.210223 28.493550
497,2021,Rieng-piny,Gogrial East,8.243960,28.345468,8.243960 28.345468
498,2021,Aker-Abuok,Gogrial East,8.305820,28.406599,8.305820 28.406599
499,2021,Kuel,Gogrial East,8.419220,28.426366,8.419220 28.426366
500,2021,Nyok-Nyok,Gogrial East,8.399616,28.439931,8.399616 28.439931
501,2021,Alel-chok Primary School,Jur River,7.782255,27.981046,7.782255 27.981046
502,2021,Alel-chok PHCU,Jur River,7.777847,27.978129,7.777847 27.978129
503,2021,Gettee,Jur River,7.946320,27.847061,7.946320 27.847061
504,2021,"RRC, Wau South Sudan",Wau,7.693959,27.001265,7.693959 27.001265
505,2021,Bazia Jedid PHCC,Wau,7.678802,27.994309,7.678802 27.994309
506,2021,Pian-tok,Western Bahr-El-Ghazal,7.7048366,28.0388955,7.7048366 28.0388955
507,2022,Ukel Abanga Primary School -- KorKorongo,Western Bahr-El-Ghazal,7.6848379,28.005877,7.6848379 28.005877
508,2022,Eastern bank - Salva's Farm,Western Bahr-El-Ghazal,7.717945,28.040872,7.717945 28.040872
509,2022,Wunyiik,Warrap,7.7678804,29.066502,7.7678804 29.066502
510,2022,Makur,Warrap,7.793340,29.038943,7.793340 29.038943
511,2022,Palam,Warrap,7.786497,29.065389,7.786497 29.065389
512,2022,Marial Aguet,Warrap,7.738077,29.025425,7.738077 29.025425
513,2022,Pakang,Warrap,7.737376,29.126798,7.737376 29.126798
514,2022,Akol-Ngong ,Warrap,7.804939,29.083346,7.804939 29.083346
515,2022,Mabior Makot,Warrap,7.812046,29.109074,7.812046 29.109074
516,2022,Rieny,Warrap,8.542319,28.091526,8.542319 28.091526
517,2022,Kuel - Abil,Warrap,7.8742206,29.0808412,7.8742206 29.0808412
518,2022,Rak-Chiek,Warrap,7.891297,29.114612,7.891297 29.114612
519,2022,Cum-Luol,Warrap,7.828862,29.091834,7.828862 29.091834
520,2022,Danga,Warrap,7.883845,29.104376,7.883845 29.104376
521,2022,War-Apor,Warrap,7.850689,29.091872,7.850689 29.091872
522,2022,Gokdit,Warrap,7.801082,28.995569,7.801082 28.995569
523,2022,Rak-Chok,Warrap,7.741722,28.850067,7.741722 28.850067
524,2022,Aloor,Warrap,7.983249,29.310138,7.983249 29.310138
525,2022,Anyiach,Warrap,7.652340,28.730842,7.652340 28.730842
526,2022,Wun-Kuel Primary School,Warrap,7.803575,28.917345,7.803575 28.917345
527,2022,Lol-lith,Warrap,7.965471,29.216538,7.965471 29.216538
528,2022,Majok-Cileng,Warrap,7.755361,28.970739,7.755361 28.970739
529,2022,Aleek,Warrap,7.729456,28.813597,7.729456 28.813597
530,2022,Palal,Warrap,7.715034,28.943102,7.715034 28.943102
531,2022,Kony-bai,Warrap,7.736124,28.973020,7.736124 28.973020
532,2022,Aliet PHCU,Warrap,7.877131,29.437067,7.877131 29.437067
533,2022,Ngem-Aker,Warrap,7.849500,29.435504,7.849500 29.435504
534,2022,Pagot,Warrap,7.906851,29.4839798,7.906851 29.4839798
535,2022,Nyingor,Warrap,8.107486,29.355963,8.107486 29.355963
536,2022,Wun-Cum,Warrap,8.146744,29.329007,8.146744 29.329007
537,2022,Kol-Nyang,Warrap,8.138022,29.397375,8.138022 29.397375
538,2022,Wunlit Market ,Warrap,7.835492,29.218730,7.835492 29.218730
539,2022,Ageng,Warrap,7.617821,28.800362,7.617821 28.800362
540,2022,Machar-Arol,Warrap,7.611710,28.793657,7.611710 28.793657
541,2022,Wunkuel ,Warrap,7.803732,28.951379,7.803732 28.951379
542,2022,Apuukdit ,Warrap,8.090337,29.335422,8.090337 29.335422
543,2022,Adial,Warrap,7.892494,29.433974,7.892494 29.433974
544,2022,Rumkier ,Warrap,7.748954,29.292710,7.748954 29.292710
545,2022,Ajakdit,Warrap,7.862975,29.337619,7.862975 29.337619
546,2022,Ayidit,Warrap,7.972436,29.281650,7.972436 29.281650
547,2022,Madher,Warrap,8.039875,29.488043,8.039875 29.488043
548,2022,Panak,Warrap,8.084689,29.282149,8.084689 29.282149
549,2022,Jarweng,Warrap,7.814375,29.233746,7.814375 29.233746
550,2022,Panur,Warrap,7.900902,29.456491,7.900902 29.456491
551,2022,Tarweng,Warrap,7.943559,29.302115,7.943559 29.302115
552,2022,Palieng Market,Warrap,7.987563,29.317100,7.987563 29.317100
553,2022,Machar ,Warrap,7.977807,29.310230,7.977807 29.310230
554,2022,Aluom,Warrap,7.601290,28.748522,7.601290 28.748522
555,2022,Akier - Panyangthii,Warrap,7.711448,28.909863,7.711448 28.909863
556,2022,Anguei,Warrap,8.280801,27.975449,8.280801 27.975449
557,2022,Toby Primary School,Western Bahr-El-Ghazal,7.683869,27.976275,7.683869 27.976275
