Well #,Season,Name of Village,State as of 2016,lat,long
1,2005,Akok ,Tonj ,8.554444444,29.09416667
2,2005,Pankor,Tonj ,8.616111111,29.01055556
3,2005,Moch,Tonj ,8.698611111,28.97888889
5,2005,Akuach,Tonj ,8.653055556,30.58972222
6,2006,Aliek Primary School,Tonj ,8.593055556,28.71944444
7,2006,Makol,Tonj ,8.188888889,28.89638889
9,2007,Maluok,Tonj ,8.719166667,28.95694444
11,2007,Machar Pakuak,Tonj ,8.653333333,55.35
12,2007,Panakot ,Tonj ,8.674722222,28.91194444
13,2007,Boul,Tonj ,8.658888889,28.97944444
14,2007,Bonwad,Tonj ,8.663055556,29.04333333
15,2007,Maper ,Tonj ,8.610555556,28.96944444
16,2007,Majak,Tonj ,8.741944444,28.87722222
18,2008,Abilnyang,Tonj ,8.601666667,28.71416667
30,2009,Lacdiit,Gogrial,8.273611111,28.51861111
31,2009,Lacdiit Yiik,Gogrial,8.279166667,28.42805556
32,2009,Pan-nhial,Gogrial,8.186388889,28.46333333
33,2009,Abei,Gogrial,8.565833333,28.57027778
34,2009,Juol,Gogrial,8.474722222,28.47027778
35,2009,Machar,Gogrial,8.488888889,28.42638889
44,2009,Bahr-Sherki,Wau,7.701944444,28.19722222
45,2010,Riangalek-E,Gogrial,8.183055556,29.04333333
46,2010,Mayar Ajang,Tonj ,8.473333333,28.99305556
47,2010,Mayar Ajang,Tonj ,8.503611111,28.9675
48,2010,Achier,Tonj ,8.455277778,28.84805556
50,2010,Wunliet,Tonj ,8.489166667,28.77277778
51,2010,Amouthich,Gogrial,8.345277778,28.47166667
52,2010,Zagalona (Alelchok),Wau,7.884166667,28.09222222
54,2010,Bahr-Sherki ( Eastern Bank),Wau,7.916944444,28.25888889
55,2010,Bahr-Sherki,Wau,7.927222222,28.05638889
56,2010,Athou,,7.867222222,28.09277778
57,2010,Lol Athian,Wau,745,28.17861111
58,2010,Maker,Gogrial,8.463888889,28.81388889
59,2010,Wunngot,Wau,8.24,28.2625
60,2010,Tokyiep,Gogrial,8.454444444,28.71083333
61,2010,Wargol,Wau,8.115555556,190.25
62,2010,Tiitmayom,Gogrial,8.148333333,28.34305556
63,2010,Bar Amiyok,Wau,7.955277778,28.26916667
64,2010,Adiet,Wau,8.181944444,28.32777778
65,2010,Lojo,Wau,8.008888889,28.26777778
66,2010,Wuntim,Gogrial,8.133333333,28.37611111
67,2010,Angothol,Wau,7.837777778,28.17861111
68,2010,Lelkang,Wau,7.943888889,28.345
70,2010,Alab,Wau,7.791388889,28.16694444
71,2010, Zerah (Fadali School),Wau,7.933333333,28.22416667
72,2010,Abunybuny,Wau,7.768888889,28.2475
74,2010,Eastern Bank Market,Wau,7.757777778,28.2025
75,2010,Sumuot,Wau,7.927222222,28.15166667
77,2011,Thattiikmuoc,Tonj ,8.598611111,29.0875
83,2011,Awuol,Tonj ,8.202777778,28.80611111
84,2011,Bhol,Wau,7.763611111,28.23444444
85,2011,Wingo,Wau,8.001944444,28.31916667
86,2011,Luonyakeer,Gogrial,8.458055556,28.53277778
90,2011,Mabior -Abun Pimary School,Wau,8.15,28.30361111
91,2011,Ayibuth,Tonj ,8.427777778,28.9675
92,2011,Manyiel,Tonj ,8.279166667,28.87527778
93,2011,Tharakon,Tonj ,8.155555556,29.08638889
94,2011,Aguor,Tonj ,8.381944444,29.08666667
95,2011,Anaak,Tonj ,8.2625,29.01694444
96,2011,Ayuang,Tonj ,8.328888889,29.43166667
97,2011,Angotbuol,Tonj ,8.280555556,29.28972222
98,2011,Gangmiir,Tonj ,8.371388889,29.26
99,2011,Gormok,Tonj ,8.253888889,29.36916667
100,2011,Wunkuel,Tonj ,8.453611111,29.49138889
101,2011,Acholok,Tonj ,8.528055556,29.26916667
102,2011,Ahoobu,Tonj ,8.470833333,29.215
103,2011,Aguoch,Tonj ,8.344722222,29.17583333
104,2011,Makuach,Tonj ,8.470277778,29.27694444
105,2012,Lualgol Primary School,Gogrial,8.324444444,28.49805556
106,2012,Wun Abyei,Gogrial,8.203333333,28.34194444
107,2012,Thiou Primary ,Gogrial,8.293611111,28.51611111
109,2012,Makuach Rual,Tonj ,8.697222222,28.81694444
110,2012,Mabior Duor,Tonj ,8.756666667,29.08444444
111,2012,Majok,Tonj ,8.646944444,28.98
112,2012,Nyibiir,Tonj ,8.646944444,28.93194444
113,2012,Achol Paleu,Tonj ,8.663333333,29.04333333
114,2012,Roorngek,Tonj ,8.583333333,29.14972222
115,2012,Ruel Marial,Tonj ,8.624444444,29.01972222
116,2012,Akok Mawien,Tonj ,8.558611111,29.09111111
117,2012,Amentnyang,Tonj ,8.606944444,28.98777778
118,2012,Ahoony,Tonj ,8.639444444,29.24222222
119,2012,Ariik Agek,Tonj ,8.613888889,29.11194444
120,2012,Majaklou,Tonj ,8.684722222,29.00222222
121,2012,Amoukou,Tonj ,8.671666667,28.85861111
122,2012,Lilmantang,Gogrial,8.535555556,28.59222222
123,2012,Chueipuol,Gogrial,8.739722222,28.49194444
124,2012,Bokagok,Gogrial,8.574444444,28.505
125,2012,Wunachier,Gogrial,8.723055556,28.5375
126,2012,Machar,Gogrial,8.591944444,28.53444444
127,2012,Lietnhom Market,Gogrial,8.705555556,28.62055556
128,2012,Wunleet,Gogrial,8.754444444,28.515
129,2012,Mayomchol,Gogrial,8.608611111,28.55027778
130,2012,Ruot,Gogrial,8.503055556,28.58527778
131,2012,Lilthieu,Gogrial,8.449166667,28.00666667
132,2012,Parieng,Gogrial,8.410277778,28.77194444
133,2012,Chueiluel,Gogrial,8.399444444,28.80166667
134,2012,Roorchol,Gogrial,8.461944444,28.67222222
135,2012,Alongdior,Gogrial,8.381388889,28.33666667
136,2012,Haijur,Wau,7.786111111,28.13055556
137,2012,Haijur,Wau,7.850277778,28.0775
144,2013,Majok Abuok,Gogrial,8.404166667,28.52027778
145,2013,Lueth Buol,Gogrial,8.373333333,28.57111111
146,2013,Mangar Ciec,Gogrial,8.231388889,28.55277778
147,2013,Atiokpiu,Gogrial,8.340277778,28.335
158,2013,Thurbol,Gogrial,8,16619.36667
160,2013,Gogial Market,Gogrial,8.540555556,28.27638889
161,2013,Hai Kubur,Wau,7.881944444,28.08416667
162,2013,Hella Jadiit,Wau,7.878055556,28.05111111
166,2013,Pan Koot,Gogrial,8.193888889,28.49638889
167,2013,Akuocic,Gogrial,8.216666667,28.63916667
173,2013,Rum Kueel,Wau,7.885833333,28.06472222
174,2013,Hai Kor,Wau,7.950555556,28.1175
175,2013,Sumut,Wau,7.927222222,28.15166667
176,2013,Majama,Wau,7.838888889,28.08833333
177,2013,Majak Amaal,Wau,7.895833333,28.13361111
178,2013,Pankot (Komgol Primary School),Tonj ,8.145277778,28.56166667
179,2012,Akurbiok,Tonj ,8.219444444,28.58527778
180,2013,Majaktit,Tonj ,8.2775,28.49083333
181,2013,Malekabiem,Tonj ,8.227222222,2835.183333
182,2013,Anguei,Gogrial,8.273611111,28.38944444
183,2013,Makerjok,Gogrial,8.292777778,28.58527778
184,2013,Malualamuk ,Gogrial,8.300833333,28.62583333
185,2014,Awudo,Gogrial,8.250555556,28.4575
186,2014,Kokping,Gogrial,8.866666667,27.52694444
187,2014,Titchok,Tonj ,8.345,28.485
188,2014,Lounoi Primary School,Tonj ,8.345,28.48527778
189,2014,Kuelakuak Primary School,Tonj ,8.086666667,28.70916667
190,2014,Angon,Tonj ,8.181666667,28.79527778
191,2014,Ayakakat,Tonj ,8.226944444,28.67388889
192,2014,Dhak,Tonj ,8.167777778,28.70166667
193,2014,Warrap Town,Tonj ,8.203055556,28.68111111
194,2014,Wunchuei,Tonj ,8.331388889,28.66
195,2014,Kuelchok,Tonj ,8.245555556,28.82777778
196,2014,Gaiyar (Rumrual),Tonj ,7.911944444,28.63194444
197,2014,Mouralol/Warngap,Tonj ,7.782777778,28.79861111
198,2014,Pajiing,Tonj ,7.893888889,28.17555556
199,2014,Nguetawan,Tonj ,8.069444444,28.18527778
200,2014,Yelbok,Tonj ,8.002222222,28.11777778
201,2014,Athieng,Tonj ,7.9275,29.32194444
202,2014,Tabarachuol ,Tonj ,7.918333333,28.34361111
203,2014,Agumot,Tonj ,8.002222222,29.33472222
204,2014,Panyanbech ,Tonj ,7.891388889,29.57694444
205,2014,Ajiecwel,Tonj ,8.088888889,29.52333333
206,2014,Patiaw,Tonj ,7.920555556,29.05833333
207,2014,Achuilkot ,Tonj ,8.364722222,29.06722222
208,2014,Yomkot,Tonj ,8.596666667,28.97861111
209,2014,Ngap  Deng Noon ,Tonj ,8.355277778,29.10861111
210,2014,Akolawet,Tonj ,8.305277778,28.83972222
211,2014,Angotgep,Tonj ,8.295277778,28.76888889
212,2014,Lacdiitwut ,Gogrial,8.391111111,28.47361111
213,2014,Manyang,Gogrial,8.1375,28.40388889
214,2014,Wuntim,Gogrial,8.313888889,28.26472222
215,2014,Wunngot,Gogrial,8.1575,28.25583333
216,2014,Samut,Wau,7.9375,28.18777778
217,2014,Alalnhom,Wau,7.91,28.09416667
218,2015,Kuanya,Wau,7.812222222,28.13138889
223,2015,Mawut,Gogrial,8.458333333,28.52194444
224,2015,Chueiakol,Gogrial,8.382777778,28.40611111
227,2015,Aker Adoor,Gogrial,8.396111111,28.6925
228,2015,Aker Abuok,Gogrial,8.52,27.44583333
242,2015,Watagok,Gogrial,8.353611111,28.44694444
256,2015,Mayen-Amith,Wau,7.899444444,28.22222222
257,2015,Achuirdit,Wau,7.899444444,28.22138889
262,2016,Wun-nyok,Twic,9.431944444,28.56611111
263,2016,Mager,Gogrial,9.005833333,28.29527778
264,2016,Atuet,Gogrial,9.075,28.28972222
265,2016,Panliet Market,Gogrial,9.039444444,28.41694444
267,2016,Atokngar,Gogrial,8.783333333,28.21861111
268,2016,Lilthok,Gogrial,8.858333333,28.34722222
270,2016,Wunkech,Gogrial,8.704166667,28.26138889
271,2016,Warngap,Gogrial,8.718333333,28.2575
273,2016,Mabior Dong,Gogrial,8.189722222,28.19166667
274,2016,Kuenycariik,Gogrial,8.081944444,28.23555556
275,2016,Hel-Jadid,Wau,7.755,28.25666667
276,2016,Mawach,Wau,8.003611111,28.27333333
277,2016,Eastern Bank Football Field,Wau,7.899722222,28.21583333
278,2016,Malualkuel,Wau,7.844166667,28.10305556
279,2016,Wau South Epsicopal Church,Wau,7.768888889,28.07666667
283,2017,Chuei Ajang,Wau,8.027777778,28.22888889
284,2017,Tit- Marol,Wau,8,28.00277778
285,2017,Lith Angui ,Wau,8.133888889,28.11305556
286,2017,Liethok ,Wau ,8.102222222,28.32805556
287,2017,Manyang-Nyorich ,Wau,8.033333333,28.2
288,2017,Akoc-Chok,Wau,8.261666667,28.37638889
289,2017,Pathich ,Wau,0.116666667,28.26916667
290,2017,Mangar Adet,Wau,8.356666667,28.15
291,2017,Athiaan Akuei,Wau,8.286388889,28.38361111
292,2017,Angobich,Wau,8.083333333,28.36944444
293,2017,Ror-Atiny,Gogrial,8.825555556,28.49916667
294,2017,Warkot ,Gogrial,8.278611111,nan
295,2017,Marol Ajing,Gogrial,8.369166667,28.14388889
296,2017,Rai,Gogrial,8.443055556,28.25777778
297,2017,Dutcuar,Gogrial,8.454444444,28.13083333
298,2017,Adhothok,Gogrial,8.302222222,28.23916667
299,2017,Dutcuar Primary School,Gogrial,8.374444444,28.16277778
300,2017,War Ding,Gogrial,8.299722222,28.09027778
301,2017,Thiou,Gogrial,8.331944444,28.1575
302,2017,Manyang Payam,Gogrial,8.293055556,28.32416667
303,2017,Wuntim,Gogrial,8.169722222,28.35138889
304,2017,Lorutiu,Gogrial,8.149166667,28.43305556
305,2017,Zagolona Primary School,Wau,0.752777778,28.02972222
306,2018,Luethwek,Aweil East,9.185277778,27.77277778
307,2018,Rolthok,Aweil East,9.08,27.67638889
308,2018,Pajok,Aweil East,56,27.53861111
309,2018,Wathaleu,Aweil East,9.136111111,27.59361111
310,2018,Riang-Mal,Aweil East,9.032222222,27.59583333
311,2018,Warakoon,Aweil East,9.127222222,27.455
312,2018,Anguek,Aweil East,8.912222222,27.45861111
313,2018,Lueth-Agok,Aweil East,9.005833333,27.68111111
314,2018,Kouyic,Aweil East,8.911944444,27.58361111
315,2018,Aruelpiu ,Aweil East,9.024444444,27.62777778
316,2018,Matiat Cuei,Aweil East,8.905555556,27.60333333
317,2018,War-Nyiel ,Aweil East,8.89,27.5
318,2018,Gukathie,Aweil East,9.096388889,27.70361111
319,2018,Kar-Makuach ,Aweil East,8.896944444,27.48361111
320,2018,Majook Achien ,Aweil East,8.955277778,27.68944444
321,2018,Wut-Nyap,Aweil East,9.041388889,27.57166667
322,2018,Abany,Aweil East,9.047777778,27.43888889
323,2018,Mabil,Aweil East,8.898888889,27.72166667
324,2018,Jok-Thok,Aweil East,9.034722222,27.52083333
325,2018,Arieny-Piny A,Aweil East,8.901111111,27.52083333
326,2018,Parot-Aker,Aweil East,9.089444444,27.7625
327,2018,Newsite,Aweil  ,8.856388889,27.65194444
328,2018,Lil-Miir,Aweil,44,27.51666667
329,2018,Lol - Kou ,Aweil,8.868333333,27.68277778
330,2018,Pan-Malou ,Aweil,8.806666667,27.52305556
331,2018,Majok Kuel,Aweil ,8.889444444,27.53277778
332,2018,Riangangor,Aweil,43,27.63083333
333,2018,Wakthou,Aweil,8.860555556,27.80583333
334,2018,Ayok Dhok Primary School,Wau,23,27.99861111
335,2018,Riang Kuol Bol,Wau,8.401388889,27.8775
336,2018,Ajiekdit Primary School,Wau,8.339722222,27.98722222
337,2018,Amulmul Primary School,Wau,8.433055556,27.92416667
338,2018,Waradhoth ,Wau,8.309166667,27.75472222
339,2018,Barkiny,Wau,8.189444444,27.83944444
340,2018,Laach,Wau,8,27.77027778
341,2018,Cumbar,Wau,7.8,28.07583333
342,2018,Hai Kamsin,Wau,7.761944444,28.07055556
343,2018,Jebel-Chok,Wau,7.75,28.10055556
344,2018,Eastern Bank,Wau,8.116666667,28.12638889
345,2018,Hai Jadit,Wau,7.733333333,28.03277778
346,2018,Hai Jadit,Wau,7.750277778,28.22611111
347,2018,Hai Jadit,Wau,7.830555556,28.22583333
348,2018,Hai Jadit,Wau,7.718888889,28.22638889
349,2018,Hai Jadit,Wau,7.896388889,28.00305556
340,2018,Kong Long,Wau,7.833888889,28.13
341,2019,Belbuoc,Tonj,19,28.5025
342,2019,Makuac-rual,Tonj,8.515555556,28.90305556
343,2019,Thor-Amiyok,Tonj,8.53,28.70916667
344,2019,Adiaujook,Tonj,8.653888889,28.99305556
345,2019,Thou-yiik,Tonj,8.695555556,28.94027778
346,2019,Paweny,Tonj,8.639722222,28.89083333
347,2019,Lath-jak,Tonj,8.673055556,28.94
348,2019,Mayen-Awakou,Tonj,8.534166667,29.12111111
349,2019,Mangot ,Tonj,8.661666667,29.14
350,2019,Alatip,Tonj,8.516111111,29.17194444
351,2019,Marial-Adot Pri. School,Tonj,8.492777778,28.97944444
352,2019,Marial Akech Primary Sch,Tonj,8.494722222,28.98277778
353,2019,Wunkuel,Tonj,8.654444444,29.11222222
354,2019,Lang Kap,Tonj,8.798611111,29.13527778
355,2019,Riangper,Tonj,8.779166667,29.1225
356,2019,Panhom-Lang,Tonj,8.694444444,28.94222222
357,2019,Dargon,Tonj,8.3575,29.07972222
358,2019,Mamal,Tonj,8.264166667,28.2675
359,2019,Majur ,Tonj,8.259722222,28.20444444
360,2019,Aker-aher,Tonj,8.463888889,29.12472222
361,2019,Achol,Tonj,8.110833333,29.02416667
362,2019,Akotdit,Tonj,7.28,28.67
363,2019,War-thou,Tonj,8.016666667,29.04083333
364,2019,Malou,Tonj,8.134166667,28.07472222
365,2019,Achir,Tonj,9.083888889,28.17138889
366,2019,Wun-Adhot,Tonj,8.153333333,28.92166667
367,2019,Ga-Gir,Tonj,8.079444444,28.96666667
368,2019,Wunkuel,Tonj,8.114722222,28.93583333
369,2019,Mayen-Dong ,Tonj,8.136944444,29.10138889
370,2019,Aduktik Primary School,Gogrial,8.414166667,28.44333333
371,2019,Maluil,Gogrial,8.280555556,28.50305556
372,2019,Wunkuel,Tonj,7.8925,28.64972222
373,2019,Aguath,Tonj,8.150277778,28.42055556
374,2019,Pool Chang,Tonj,8.289722222,28.43583333
375,2019,Wun-Agep,Tonj,7.820555556,28.33888889
376,2019,Mangar-Kiech,Gogrial,8.156388889,28.48416667
377,2019,Achuk Primary School,Gogrial,8.180277778,28.35805556
378,2019,Rumkuel,Gogrial,8.391666667,28.35638889
379,2019,Waryar,Gogrial,8.386944444,28.44666667
380,2019,Riak-bet,Gogrial,8.212777778,28.22361111
381,2019,Block-E,Wau,7.819444444,28.04805556
382,2019,Sunday Primary School ,Wau,7.859722222,28.07694444
383,2019,Rumbek Jadit,Wau,7.823611111,28.17722222
384,2019,Majak ,Wau,7.670555556,28.07305556
385,2019,Hai Jebel-kher and Bright Future S.S,Wau,7.747777778,27.985
386,2019,Nazareth ,Wau,7.834444444,28.12944444
387,2019,Bilpam ,Wau ,7.895277778,28.10138889
388,2019,"Wau "" A"" Girls Primary School",Wau,7.710277778,28.015
389,2019,Nazareth ,Wau,7.926944444,28.09722222
400,2019,Hai Jebel ,Wau,7.859166667,28.15638889
17,2007,Achierchok,Tonj ,8.614285,28.745443
19,2008,Kuacjok,Gogrial,8.306762,27.912833
20,2008,Kuajok,Gogrial,8.308124,27.97594
21,2008,Kuajok,Gogrial,8.305501,27.974567
22,2008, Kuacjok Town,Gogrial,8.310846,27.979081
23,2008,Kuajok,Gogrial,8.31338,27.986028
24,2008,Kuajok,Gogrial,8.303265,27.986303
25,2008,Kuajok,Gogrial,8.312885,27.988962
26,2008,Kuajok,Gogrial,8.310069,27.967935
29,2008,Malual monyjoc Primary School,Gogrial,8.356901,27.924302
36,2009,Lang village,Gogrial,8.883643,28.021825
37,2009,Lang Primary School,Gogrial,8.878717,28.026371
38,2009,Maduol ,Gogrial,8.946779,27.863015
39,2009,Awich,Gogrial,8.938448,27.835136
40,2009,Abooth,Gogrial,8.950228,28.847855
42,2009,WFS Old compound in Wau,Wau,7.71077,28.032771
89,2011,Amoukou,Tonj ,8.56111,28.722675
148,2013,Buat Angui,Twic,9.161565,28.397066
149,2013,Wuriang,Twic,9.14938,28.395024
150,2013,Amieat,Twic,9.159964,28.403964
151,2013,Mabil,Twic,9.164053,28.374056
152,2013,Kueech Pareng,Twic,8.91917,27.42694
153,2013,Kueech,Gogrial,8.846701,28.247108
154,2013,Marol Athokpur,Gogrial,8.864719,28.070154
155,2013,Machar Kuel,Gogrial,8.864317,28.084884
156,2013,Akon,Gogrial,8.893365,27.950044
157,2013,Nyok Thiang,Gogrial,8.66681,27.995542
159,2013,Ngapadhiang,Gogrial,8.564075,28.036691
260,2016,Majook Ken,Twic,9.066191,28.313298
261,2016,Bookanyara,Twic,9.088089,28.306149
266,2016,Malek Akol,Gogrial,8.809108,28.240486
269,2016,Gaikou,Gogrial,8.597584,28.148838
272,2016,Mouraruor Primary School,Gogrial,8.224033,27.965679
280,2016,Aru Junction,Central Equatoria,42.247333,31.982666
281,2016,Ofiri (Langabu),Central Equatoria,43.592441,32.049638
282,2016,Lirya Center,Central Equatoria,43.658045,32.081391
401,2019,Warhuk,Wau,7.821955,27.933984
402,2019,Ger-Ajiep,Wau,7.925305,27.98357
403,2019,Beling Achol,Wau,7.918773,27.983958
404,2019,Riangnhom ,Gogrial ,8.120638,27.946019
405,2020,Adhothic ,Gogrial ,8.272458,28.063678
406,2020,Khiiric Primary School,Gogrial ,8.193789,28.147642
407,2020,Majok Ken ,Twic,9.060578,28.3201
408,2020,Gumgoi,Twic,9.117473,28.357209
409,2020,Malek Ngok Primary School,Gogrial ,8.736813,28.145308
410,2020,Maluil Aluel - Primary School,Gogrial ,8.598692,28.331118
411,2020,Buon-Nyoor,Gogrial ,8.633077,28.314612
412,2020,Wuntit,Gogrial ,8.686607,28.291045
413,2020,Nyiorthok Marul,Gogrial ,8.284778,28.124869
414,2020,Achool/Abuokdiit,Gogrial ,8.71627,28.368261
415,2020,Panyuom,Gogrial ,8.707364,28.363945
416,2020,Marial Akuien Primary School,Gogrial ,8.675292,28.397801
417,2020,Rum-muoth ,Gogrial ,8.6246697,28.376196
418,2020,Panthony,Gogrial ,8.6201619,28.369369
419,2020,Panchier Primary School,Gogrial,8.61242638,28.355223
420,2020,Patai,Gogrial ,8.60221412,28.360869
421,2020,Machar Akol,Gogrial ,8.777512,28.460207
422,2020,Chuei Akuong/Pan Jak,Gogrial,8.707326,28.452977
423,2020,Mayom Dunguer/Roordit ,Gogrial,8.696559,28.409151
424,2020,Thuor Geng Anei,Gogrial,8.738526,28.497476
425,2020,Galual Primary School,Gogrial,8.72731,28.51249
426,2020,Agumuot ,Gogrial,8.840372,28.54515
427,2020,Thur-Agaar,Gogrial,8.740261,28.48787
428,2020,Tiit-thok,Gogrial ,8.850743,28.560865
429,2020,Riang Mabior ,Gogrial ,8.833539,28.561873
430,2020,Gong Peer Primary School,Gogrial ,8.828808,28.575213
431,2020,Water for South Sudan-Compound ,Wau,7.72155,28.039115
432,2020,Awutuop,Gogrial,8.807506,28.509123
433,2020,Thur-juoth,Gogrial ,8.808575,28.559001
434,2020,Chuei-Makiech,Gogrial ,8.801226,28.528591
435,2020,Rumliet Primary School,Gogrial ,8.790194,28.510969
436,2020,Majok Donguar Primary School,Gogrial,8.81638,28.510852
437,2020,Giny-jur,Gogrial ,8.7267353,28.5224032
438,2020,Majak-Nyuom Primary School,Gogrial ,8.73042,28.531277
439,2020,Marial -Nyap,Gogrial ,8.737577,28.535263
440,2020,Adhuothic ,Gogrial ,8.71298694,28.57218962
441,2020,Marial Pajieng,Gogrial ,8.745362,28.541494
442,2020,Aringhok Primary School,Gogrial ,8.75550141,28.56311892
443,2020,Rum Pagong,Gogrial ,8.74867388,28.55802429
444,2020,Rum-panagok,Gogrial ,8.753115,28.553037
445,2020,Atunga,Gogrial ,8.76590122,28.57867312
446,2020,Mayen Atunga,Gogrial ,8.770592,28.587666
447,2020,Alol,Gogrial ,8.797524,28.618598
448,2020,Thurdong ,Gogrial ,8.78329879,28.61443451
449,2020,Adel ,Gogrial,8.80055701,28.63297898
450,2020,Gong Nyuon ,Gogrial ,8.796721,28.488366
451,2020,Marial Thou,Gogrial,8.656609,28.399453
452,2020,Panthou,Gogrial ,8.66273,28.404369
453,2020,Abou Primary Health Care Unit,Wau,7.995652,27.800206
454,2020,Atido Primary Health Care Unit ,Wau,7.851996,27.899044
455,2020,Achuong-chuong Primary Health Care Center ,Wau,7.92108,27.161494
456,2020,Nyikejo Primary Health Care Unit,Wau,7.628385,27.105634
457,2020,Khor Ghana Jadeep Primary School,Wau,7.707176,27.964336
458,2021,Rumameth,Gogrial West,8.838225,28.177204
459,2021,Pajok Beck,Gogrial West,8.569005,28.225996
460,2021,Aciec-kou,Gogrial West,8.560127,28.261268
461,2021,Majook Akotkuac,Gogrial West,8.86211,28.406333
462,2021,Ajogo,Gogrial East,8.711351,28.423657
463,2021,Mangol,Gogrial East,8.824507,28.541891
464,2021,Majook Ngok,Gogrial West,8.719759,28.142284
465,2021,Warngap,Gogrial West,8.562857,28.124096
466,2021,Pinydit,Gogrial East,8.41595,28.344742
467,2021,Chur Primary School,Gogrial East,8.413829,28.372617
468,2021,Mawithou,Gogrial East,8.386127,28314796
469,2021,Maker Akech,Gogrial East,8.333254,28.293498
470,2021,Luonyaker Church,Gogrial East,8.228545,28.391395
471,2021,Lilmajak,Gogrial East,8.377839,28.356783
472,2021,Tarweng,Gogrial East,8.351007,28.354034
473,2021,Pathoui,Gogrial East,8.270824,28.360273
474,2021,Toluel,Gogrial East,8.284275,28.385893
475,2021,Nyorthook,Gogrial East,8.323743,28.39453
476,2021,Ahuoch bar,Gogrial East,8.213264,28.395608
477,2021,Ajak-Angon,Gogrial East,8.167968,28.332009
478,2021,Patiek-Dier,Gogrial East,8.190157,28.443294
479,2021,Nyiop-chop Primary,Gogrial East,8.224778,28.428749
480,2021,Mabil,Gograil East,8.221405,28.309422
481,2021,Halcok,Gogrial East,8.126829,28.289277
482,2021,Athiang,Gogrial East,8.211501,28.458143
483,2021,Mabior Abiem,Jur River,8.003663,28.033162
484,2021,Marial Baai,Jur River,7.295341,28.160932
485,2021,Kuarjiena,Jur River,7.498188,28.268203
486,2021,Warayat,Jur River,7.574801,28.022861
487,2021,Ayen,Gogrial East,8.346537,28.294093
488,2021,Lietdit-Nhom,Gogrial East,8.332919,28.254868
489,2021,Awut-wut,Gogrial East,8.340844,28.308234
490,2021,Wut-Dong,Gogrial East,8.424728,28.469889
491,2021,Geng-agok,Gogrial East,8.40132,28.377623
492,2021,Adol thiong,Gogrial East,8.414403,28.395764
493,2021,Keric Machar Awuong,Gogrial East,8.336227,28.402745
494,2021,Jaac Kuac,Gogrial East,8.41209,28.403135
495,2021,Mac-Ather,Gogrial East,8.383828,28.434901
496,2021,Mawut-Ador,Gogrial East,8.210223,28.49355
497,2021,Rieng-piny,Gogrial East,8.24396,28.345468
498,2021,Aker-Abuok,Gogrial East,8.30582,28.406599
499,2021,Kuel,Gogrial East,8.41922,28.426366
500,2021,Nyok-Nyok,Gogrial East,8.399616,28.439931
501,2021,Alel-chok Primary School,Jur River,7.782255,27.981046
502,2021,Alel-chok PHCU,Jur River,7.777847,27.978129
503,2021,Gettee,Jur River,7.94632,27.847061
504,2021,"RRC, Wau South Sudan",Wau,7.693959,27.001265
505,2021,Bazia Jedid PHCC,Wau,7.678802,27.994309
506,2021,Pian-tok,Western Bahr-El-Ghazal,7.7048366,28.0388955
507,2022,Ukel Abanga Primary School -- KorKorongo,Western Bahr-El-Ghazal,7.6848379,28.005877
508,2022,Eastern bank - Salva's Farm,Western Bahr-El-Ghazal,7.717945,28.040872
509,2022,Wunyiik,Warrap,7.7678804,29.066502
510,2022,Makur,Warrap,7.79334,29.038943
511,2022,Palam,Warrap,7.786497,29.065389
512,2022,Marial Aguet,Warrap,7.738077,29.025425
513,2022,Pakang,Warrap,7.737376,29.126798
514,2022,Akol-Ngong ,Warrap,7.804939,29.083346
515,2022,Mabior Makot,Warrap,7.812046,29.109074
516,2022,Rieny,Warrap,8.542319,28.091526
517,2022,Kuel - Abil,Warrap,7.8742206,29.0808412
518,2022,Rak-Chiek,Warrap,7.891297,29.114612
519,2022,Cum-Luol,Warrap,7.828862,29.091834
520,2022,Danga,Warrap,7.883845,29.104376
521,2022,War-Apor,Warrap,7.850689,29.091872
522,2022,Gokdit,Warrap,7.801082,28.995569
523,2022,Rak-Chok,Warrap,7.741722,28.850067
524,2022,Aloor,Warrap,7.983249,29.310138
525,2022,Anyiach,Warrap,7.65234,28.730842
526,2022,Wun-Kuel Primary School,Warrap,7.803575,28.917345
527,2022,Lol-lith,Warrap,7.965471,29.216538
528,2022,Majok-Cileng,Warrap,7.755361,28.970739
529,2022,Aleek,Warrap,7.729456,28.813597
530,2022,Palal,Warrap,7.715034,28.943102
531,2022,Kony-bai,Warrap,7.736124,28.97302
532,2022,Aliet PHCU,Warrap,7.877131,29.437067
533,2022,Ngem-Aker,Warrap,7.8495,29.435504
534,2022,Pagot,Warrap,7.906851,29.4839798
535,2022,Nyingor,Warrap,8.107486,29.355963
536,2022,Wun-Cum,Warrap,8.146744,29.329007
537,2022,Kol-Nyang,Warrap,8.138022,29.397375
538,2022,Wunlit Market ,Warrap,7.835492,29.21873
539,2022,Ageng,Warrap,7.617821,28.800362
540,2022,Machar-Arol,Warrap,7.61171,28.793657
541,2022,Wunkuel ,Warrap,7.803732,28.951379
542,2022,Apuukdit ,Warrap,8.090337,29.335422
543,2022,Adial,Warrap,7.892494,29.433974
544,2022,Rumkier ,Warrap,7.748954,29.29271
545,2022,Ajakdit,Warrap,7.862975,29.337619
546,2022,Ayidit,Warrap,7.972436,29.28165
547,2022,Madher,Warrap,8.039875,29.488043
548,2022,Panak,Warrap,8.084689,29.282149
549,2022,Jarweng,Warrap,7.814375,29.233746
550,2022,Panur,Warrap,7.900902,29.456491
551,2022,Tarweng,Warrap,7.943559,29.302115
552,2022,Palieng Market,Warrap,7.987563,29.3171
553,2022,Machar ,Warrap,7.977807,29.31023
554,2022,Aluom,Warrap,7.60129,28.748522
555,2022,Akier - Panyangthii,Warrap,7.711448,28.909863
556,2022,Anguei,Warrap,8.280801,27.975449
557,2022,Toby Primary School,Western Bahr-El-Ghazal,7.683869,27.976275